id,animationId,description,etypeId,traits,iconIndex,name,note,price,wtypeId,params0,params1,params2,params3,params4,params5,params6,params7
Id,Animation Id,Description,Equip Type,Traits,Icon Index,Name,Note,Price,Weapon Type,Max HP,Max MP,Attack,Defense,M.Attack,M.Defense,Agility,Luck
1,6,Practice weapon. Confers no benefit. ,1,"[{""code"":31,""dataId"":1,""value"":0},{""code"":22,""dataId"":0,""value"":0}]",97,Training Sword,weapon_warrior_0,1,2,0,0,0,0,0,0,0,0
2,6,Common soldier's blade. Increases Strength by 3. ,1,"[{""code"":31,""dataId"":1,""value"":0},{""code"":22,""dataId"":0,""value"":0}]",97,Sword,weapon_warrior_1,20,2,0,0,3,0,0,0,0,0
3,6,Double-bitted chopping weapon. Increases Strength by 6. ,1,"[{""code"":31,""dataId"":1,""value"":0},{""code"":22,""dataId"":0,""value"":0}]",97,Axe,weapon_warrior_2,30,2,0,0,6,0,0,0,0,0
4,6,Heavy club with brutal spikes. Increases Strength by 9. ,1,"[{""code"":31,""dataId"":1,""value"":0},{""code"":22,""dataId"":0,""value"":0}]",97,Morning Star,weapon_warrior_3,45,2,0,0,9,0,0,0,0,0
5,6,Sword whose edge bites like the north wind. Increases Strength by 12. ,1,"[{""code"":31,""dataId"":1,""value"":0},{""code"":22,""dataId"":0,""value"":0}]",97,Sapphire Blade,weapon_warrior_4,65,2,0,0,12,0,0,0,0,0
6,6,Weapon whose forge-glow never fades. Increases Strength by 15. ,1,"[{""code"":31,""dataId"":1,""value"":0},{""code"":22,""dataId"":0,""value"":0}]",97,Ruby Sword,weapon_warrior_5,90,2,0,0,15,0,0,0,0,0
7,6,Bane of creatures of darkness. Increases Strength by 18. ,1,"[{""code"":31,""dataId"":1,""value"":0},{""code"":22,""dataId"":0,""value"":0}]",97,Golden Sword,weapon_warrior_6,120,2,0,0,18,0,0,0,0,0
8,11,A rogue's most basic weapon. Confers no benefit. ,1,"[{""code"":31,""dataId"":1,""value"":0},{""code"":22,""dataId"":0,""value"":0}]",97,Dagger,weapon_rogue_0,0,1,0,0,0,0,0,0,0,0
9,11,"Light, concealable blade. Increases Strength by 2. ",1,"[{""code"":31,""dataId"":1,""value"":0},{""code"":22,""dataId"":0,""value"":0}]",97,Short Sword,weapon_rogue_1,20,1,0,0,2,0,0,0,0,0
10,11,"Slashing sword, swift to deliver a killing blow. Increases Strength by 3. ",1,"[{""code"":31,""dataId"":1,""value"":0},{""code"":22,""dataId"":0,""value"":0}]",97,Scimitar,weapon_rogue_2,35,1,0,0,3,0,0,0,0,0
11,11,"Distinctive bush knife, both survival tool and weapon. Increases Strength by 4. ",1,"[{""code"":31,""dataId"":1,""value"":0},{""code"":22,""dataId"":0,""value"":0}]",97,Kukri,weapon_rogue_3,50,1,0,0,4,0,0,0,0,0
12,11,Heavy batons whirled about on a length of chain. Increases Strength by 6. ,1,"[{""code"":31,""dataId"":1,""value"":0},{""code"":22,""dataId"":0,""value"":0}]",97,Nunchaku,weapon_rogue_4,70,1,0,0,6,0,0,0,0,0
13,11,Sleek and deadly as the ninja themselves. Increases Strength by 8. ,1,"[{""code"":31,""dataId"":1,""value"":0},{""code"":22,""dataId"":0,""value"":0}]",97,Ninja-to,weapon_rogue_5,90,1,0,0,8,0,0,0,0,0
14,11,Complex weapon adept at ensnaring and disarming opponents. Increases Strength by 10. ,1,"[{""code"":31,""dataId"":1,""value"":0},{""code"":22,""dataId"":0,""value"":0}]",97,Hook Sword,weapon_rogue_6,120,1,0,0,10,0,0,0,0,0
15,41,For healers in training. Confers no benefit. ,1,"[{""code"":31,""dataId"":2,""value"":0},{""code"":22,""dataId"":0,""value"":0}]",101,Novice Rod,weapon_healer_0,0,3,0,0,0,0,0,0,0,0
16,41,Crafted during a healer's initiation. Increases Intelligence by 2. ,1,"[{""code"":31,""dataId"":2,""value"":0},{""code"":22,""dataId"":0,""value"":0}]",101,Acolyte Rod,weapon_healer_1,20,3,0,0,0,0,2,0,0,0
17,41,Topped with a gem bearing curative properties. Increases Intelligence by 3. ,1,"[{""code"":31,""dataId"":2,""value"":0},{""code"":22,""dataId"":0,""value"":0}]",101,Quartz Rod,weapon_healer_2,30,3,0,0,0,0,3,0,0,0
18,41,Purifies poison at a touch. Increases Intelligence by 5. ,1,"[{""code"":31,""dataId"":2,""value"":0},{""code"":22,""dataId"":0,""value"":0}]",101,Amethyst Rod,weapon_healer_3,45,3,0,0,0,0,5,0,0,0
19,41,As much a badge of office as a healing tool. Increases Intelligence by 7. ,1,"[{""code"":31,""dataId"":2,""value"":0},{""code"":22,""dataId"":0,""value"":0}]",101,Physician Rod,weapon_healer_4,65,3,0,0,0,0,7,0,0,0
20,41,"Fit to grace the hand of a monarch, or of one who stands at a monarch's right hand. Increases Intelligence by 9. ",1,"[{""code"":31,""dataId"":2,""value"":0},{""code"":22,""dataId"":0,""value"":0}]",101,Royal Scepter,weapon_healer_5,90,3,0,0,0,0,9,0,0,0
21,41,Soothes the pain of all who look upon it. Increases Intelligence by 11. ,1,"[{""code"":31,""dataId"":2,""value"":0},{""code"":22,""dataId"":0,""value"":0}]",101,Golden Scepter,weapon_healer_6,120,3,0,0,0,0,11,0,0,0
22,66,Practice staff. Confers no benefit. Two-handed item.,1,"[{""code"":31,""dataId"":2,""value"":0},{""code"":22,""dataId"":0,""value"":0}]",101,Apprentice Staff,weapon_wizard_0,0,4,0,0,0,0,0,0,0,0
23,66,Basic implement of carven wood. Increases Intelligence by 3 and Perception by 1. Two-handed item.,1,"[{""code"":31,""dataId"":2,""value"":0},{""code"":22,""dataId"":0,""value"":0}]",101,Wooden Staff,weapon_wizard_1,30,4,0,0,0,0,3,0,1,1
24,66,Focuses power through a precious stone. Increases Intelligence by 6 and Perception by 2. Two-handed item.,1,"[{""code"":31,""dataId"":2,""value"":0},{""code"":22,""dataId"":0,""value"":0}]",101,Jeweled Staff,weapon_wizard_2,50,4,0,0,0,0,6,0,2,2
25,66,"Plated in metal to channel heat, cold, and lightning. Increases Intelligence by 9 and Perception by 3. Two-handed item.",1,"[{""code"":31,""dataId"":2,""value"":0},{""code"":22,""dataId"":0,""value"":0}]",101,Iron Staff,weapon_wizard_3,80,4,0,0,0,0,9,0,3,3
26,66,As powerful as it is heavy. Increases Intelligence by 12 and Perception by 5. Two-handed item.,1,"[{""code"":31,""dataId"":2,""value"":0},{""code"":22,""dataId"":0,""value"":0}]",101,Brass Staff,weapon_wizard_4,120,4,0,0,0,0,12,0,5,5
27,66,Assists in weaving the most complex of spells. Increases Intelligence by 15 and Perception by 7. Two-handed item.,1,"[{""code"":31,""dataId"":2,""value"":0},{""code"":22,""dataId"":0,""value"":0}]",101,Archmage Staff,weapon_wizard_5,160,4,0,0,0,0,15,0,7,7
28,66,"Fashioned of orichalcum, the alchemic gold, mighty and rare. Increases Intelligence by 18 and Perception by 10. Two-handed item.",1,"[{""code"":31,""dataId"":2,""value"":0},{""code"":22,""dataId"":0,""value"":0}]",101,Golden Staff,weapon_wizard_6,200,4,0,0,0,0,18,0,10,10
29,6,No Weapon. ,1,"[{""code"":31,""dataId"":1,""value"":0},{""code"":22,""dataId"":0,""value"":0}]",97,No Weapon,weapon_base_0,0,5,0,0,0,0,0,0,0,0
30,6,Feasts upon foes' life essence to power its wicked strokes. Increases Strength by 20. ,1,"[{""code"":31,""dataId"":1,""value"":0},{""code"":22,""dataId"":0,""value"":0}]",97,Dark Souls Blade,weapon_special_0,150,6,0,0,20,0,0,0,0,0
31,6,Its glittering facets tell the tale of a hero. Increases all Stats by 6. ,1,"[{""code"":31,""dataId"":1,""value"":0},{""code"":22,""dataId"":0,""value"":0}]",97,Crystal Blade,weapon_special_1,170,6,0,0,6,6,6,6,6,6
32,6,Feel the potency of the dragon surge from within! Increases Strength and Perception by 25 each. ,1,"[{""code"":31,""dataId"":1,""value"":0},{""code"":22,""dataId"":0,""value"":0}]",97,Stephen Weber's Shaft of the Dragon,weapon_special_2,200,6,0,0,25,0,0,0,25,25
33,6,"Meetings, monsters, malaise: managed! Mash! Increases Strength, Intelligence, and Constitution by 17 each. ",1,"[{""code"":31,""dataId"":1,""value"":0},{""code"":22,""dataId"":0,""value"":0}]",97,Mustaine's Milestone Mashing Morning Star,weapon_special_3,200,6,0,0,17,17,17,17,0,0
34,6,"This champion slew a critical GitHub foe where many warriors fell. Fashioned from the bones of Bug, this hammer deals a mighty critical hit. Increases Strength and Perception by 40 each. ",1,"[{""code"":31,""dataId"":1,""value"":0},{""code"":22,""dataId"":0,""value"":0}]",97,Critical Hammer of Bug-Crushing,weapon_special_critical,200,6,0,0,40,0,0,0,40,40
35,6,This sword was earned by participating in a sponsored Challenge made by Take This. Congratulations! Increases all Stats by 5. ,1,"[{""code"":31,""dataId"":1,""value"":0},{""code"":22,""dataId"":0,""value"":0}]",97,Take This Sword,weapon_special_takeThis,0,6,0,0,5,5,5,5,5,5
36,6,"Gives you the ability to command fish, and also deliver some mighty stabs to your tasks. Increases Intelligence by 15. ",1,"[{""code"":31,""dataId"":1,""value"":0},{""code"":22,""dataId"":0,""value"":0}]",97,Trident of Crashing Tides,weapon_special_tridentOfCrashingTides,130,6,0,0,0,0,15,0,0,0
37,6,"Given at the dawn of time to the guardian ghost of the Taskwood Orchards, this lantern can illuminate the deepest darkness and weave powerful spells. Increases Perception and Intelligence by 15 each. Two-handed item.",1,"[{""code"":31,""dataId"":1,""value"":0},{""code"":22,""dataId"":0,""value"":0}]",97,Taskwoods Lantern,weapon_special_taskwoodsLantern,130,6,0,0,0,0,15,0,15,15
38,6,Strum a merry tune on this magical lute! Increases Intelligence and Perception by 4 each. Two-handed item.,1,"[{""code"":31,""dataId"":1,""value"":0},{""code"":22,""dataId"":0,""value"":0}]",97,Bardic Lute,weapon_special_bardInstrument,0,6,0,0,0,0,4,0,4,4
39,6,"Wax this scythe regularly, or its power will wane. Increases Strength and Perception by 7 each. Two-handed item.",1,"[{""code"":31,""dataId"":1,""value"":0},{""code"":22,""dataId"":0,""value"":0}]",97,Lunar Scythe,weapon_special_lunarScythe,130,6,0,0,7,0,0,0,7,7
40,6,This rose quartz-tipped spear will imbue you with ancient spell-casting power. Increases Intelligence by 15. ,1,"[{""code"":31,""dataId"":1,""value"":0},{""code"":22,""dataId"":0,""value"":0}]",97,Mammoth Rider Spear,weapon_special_mammothRiderSpear,130,6,0,0,0,0,15,0,0,0
41,6,"This sparkly envelope contains messages of encouragement from Habiticans, and a touch of magic to help speed your deliveries! Increases Perception by 15. ",1,"[{""code"":31,""dataId"":1,""value"":0},{""code"":22,""dataId"":0,""value"":0}]",97,Roguish Rainbow Message,weapon_special_roguishRainbowMessage,130,6,0,0,0,0,0,0,15,15
42,6,Wave your banner high to inspire confidence! Increases Strength by 16. ,1,"[{""code"":31,""dataId"":1,""value"":0},{""code"":22,""dataId"":0,""value"":0}]",97,Page Banner,weapon_special_pageBanner,0,6,0,0,16,0,0,0,0,0
43,6,All the best Sneakthieves carry a key that can open any lock! Increases Constitution by 16. ,1,"[{""code"":31,""dataId"":1,""value"":0},{""code"":22,""dataId"":0,""value"":0}]",97,Skeleton Key,weapon_special_skeletonKey,0,6,0,0,0,16,0,16,0,0
44,6,The curved blade of this Scimitar is perfect for attacking Tasks from the back of a mount! Increases Intelligence by 16. ,1,"[{""code"":31,""dataId"":1,""value"":0},{""code"":22,""dataId"":0,""value"":0}]",97,Nomad's Scimitar,weapon_special_nomadsScimitar,0,6,0,0,0,0,16,0,0,0
45,6,"Should anyone dare to impugn your honor, you'll be ready with this fine foil! Increases Strength by 16. ",1,"[{""code"":31,""dataId"":1,""value"":0},{""code"":22,""dataId"":0,""value"":0}]",97,Fencing Foil,weapon_special_fencingFoil,0,6,0,0,16,0,0,0,0,0
46,6,This light and curved sword will shred your tasks to ribbons! Increases Strength by 17. ,1,"[{""code"":31,""dataId"":1,""value"":0},{""code"":22,""dataId"":0,""value"":0}]",97,Tachi,weapon_special_tachi,0,6,0,0,17,0,0,0,0,0
47,6,These bracers and crystals once belonged to the Lost Masterclasser herself. Increases all Stats by 10. Two-handed item.,1,"[{""code"":31,""dataId"":1,""value"":0},{""code"":22,""dataId"":0,""value"":0}]",97,Aether Crystals,weapon_special_aetherCrystals,175,6,0,0,10,10,10,10,10,10
48,6,This spear allows its user to command any yeti. Increases Strength by 15. Limited Edition 2013-2014 Winter Gear. ,1,"[{""code"":31,""dataId"":1,""value"":0},{""code"":22,""dataId"":0,""value"":0}]",97,Yeti-Tamer Spear,weapon_special_yeti,90,6,0,0,15,0,0,0,0,0
49,6,A weapon capable of destroying hordes of enemies! It also helps the user make very nice parallel turns. Increases Strength by 8. Limited Edition 2013-2014 Winter Gear. ,1,"[{""code"":31,""dataId"":1,""value"":0},{""code"":22,""dataId"":0,""value"":0}]",97,Ski-sassin Pole,weapon_special_ski,90,6,0,0,8,0,0,0,0,0
50,6,"A powerful mage's staff. Powerfully DELICIOUS, we mean! Increases Intelligence by 15 and Perception by 7. Limited Edition 2013-2014 Winter Gear. Two-handed item.",1,"[{""code"":31,""dataId"":1,""value"":0},{""code"":22,""dataId"":0,""value"":0}]",97,Candy Cane Staff,weapon_special_candycane,160,6,0,0,0,0,15,0,7,7
51,6,This wand sparkles with unlimited healing power. Increases Intelligence by 9. Limited Edition 2013-2014 Winter Gear. ,1,"[{""code"":31,""dataId"":1,""value"":0},{""code"":22,""dataId"":0,""value"":0}]",97,Snowflake Wand,weapon_special_snowflake,90,6,0,0,0,0,9,0,0,0
52,6,"Great for scaling tall buildings, and also for shredding carpets. Increases Strength by 8. Limited Edition 2014 Spring Gear. ",1,"[{""code"":31,""dataId"":1,""value"":0},{""code"":22,""dataId"":0,""value"":0}]",97,Hook Claws,weapon_special_springRogue,80,6,0,0,8,0,0,0,0,0
53,6,This mighty sword can slice foes with ease! It also makes a delicious mid-battle snack. Increases Strength by 15. Limited Edition 2014 Spring Gear. ,1,"[{""code"":31,""dataId"":1,""value"":0},{""code"":22,""dataId"":0,""value"":0}]",97,Carrot Sword,weapon_special_springWarrior,90,6,0,0,15,0,0,0,0,0
54,6,Only the most powerful rodents can brave their hunger to wield this potent staff. Increases Intelligence by 15 and Perception by 7. Limited Edition 2014 Spring Gear. Two-handed item.,1,"[{""code"":31,""dataId"":1,""value"":0},{""code"":22,""dataId"":0,""value"":0}]",97,Swiss Cheese Staff,weapon_special_springMage,160,6,0,0,0,0,15,0,7,7
55,6,FETCH! Increases Intelligence by 9. Limited Edition 2014 Spring Gear. ,1,"[{""code"":31,""dataId"":1,""value"":0},{""code"":22,""dataId"":0,""value"":0}]",97,Lovely Bone,weapon_special_springHealer,90,6,0,0,0,0,9,0,0,0
56,6,Avast! You'll make those Dailies walk the plank! Increases Strength by 8. Limited Edition 2014 Summer Gear. ,1,"[{""code"":31,""dataId"":1,""value"":0},{""code"":22,""dataId"":0,""value"":0}]",97,Pirate Cutlass,weapon_special_summerRogue,80,6,0,0,8,0,0,0,0,0
57,6,There isn't a task in any To-Do list willing to tangle with this gnarly knife! Increases Strength by 15. Limited Edition 2014 Summer Gear. ,1,"[{""code"":31,""dataId"":1,""value"":0},{""code"":22,""dataId"":0,""value"":0}]",97,Seafaring Slicer,weapon_special_summerWarrior,90,6,0,0,15,0,0,0,0,0
58,6,"This trident is used to spear seaweed effectively, for extra-productive kelp harvesting! Increases Intelligence by 15 and Perception by 7. Limited Edition 2014 Summer Gear. Two-handed item.",1,"[{""code"":31,""dataId"":1,""value"":0},{""code"":22,""dataId"":0,""value"":0}]",97,Kelp Catcher,weapon_special_summerMage,160,6,0,0,0,0,15,0,7,7
59,6,"This wand, made of aquamarine and live coral, is very attractive to schools of fish. Increases Intelligence by 9. Limited Edition 2014 Summer Gear. ",1,"[{""code"":31,""dataId"":1,""value"":0},{""code"":22,""dataId"":0,""value"":0}]",97,Wand of the Shallows,weapon_special_summerHealer,90,6,0,0,0,0,9,0,0,0
60,6,"Dispatches undead. Also grants a bonus against werewolves, because you can never be too careful. Increases Strength by 8. Limited Edition 2014 Autumn Gear. ",1,"[{""code"":31,""dataId"":1,""value"":0},{""code"":22,""dataId"":0,""value"":0}]",97,Silver Stake,weapon_special_fallRogue,80,6,0,0,8,0,0,0,0,0
61,6,This grabby claw is at the very cutting edge of technology. Increases Strength by 15. Limited Edition 2014 Autumn Gear. ,1,"[{""code"":31,""dataId"":1,""value"":0},{""code"":22,""dataId"":0,""value"":0}]",97,Grabby Claw of Science,weapon_special_fallWarrior,90,6,0,0,15,0,0,0,0,0
62,6,This enchanted broom flies faster than a dragon! Increases Intelligence by 15 and Perception by 7. Limited Edition 2014 Autumn Gear. Two-handed item.,1,"[{""code"":31,""dataId"":1,""value"":0},{""code"":22,""dataId"":0,""value"":0}]",97,Magic Broom,weapon_special_fallMage,160,6,0,0,0,0,15,0,7,7
63,6,The scarab on this wand protects and heals its wielder. Increases Intelligence by 9. Limited Edition 2014 Autumn Gear. ,1,"[{""code"":31,""dataId"":1,""value"":0},{""code"":22,""dataId"":0,""value"":0}]",97,Scarab Wand,weapon_special_fallHealer,90,6,0,0,0,0,9,0,0,0
64,6,"You truly, definitely, absolutely just picked these up off of the ground. Increases Strength by 8. Limited Edition 2014-2015 Winter Gear. ",1,"[{""code"":31,""dataId"":1,""value"":0},{""code"":22,""dataId"":0,""value"":0}]",97,Ice Spike,weapon_special_winter2015Rogue,80,6,0,0,8,0,0,0,0,0
65,6,This delicious sword probably attracts monsters... but you're up for the challenge! Increases Strength by 15. Limited Edition 2014-2015 Winter Gear. ,1,"[{""code"":31,""dataId"":1,""value"":0},{""code"":22,""dataId"":0,""value"":0}]",97,Gumdrop Sword,weapon_special_winter2015Warrior,90,6,0,0,15,0,0,0,0,0
66,6,The light of this crystal staff fills hearts with cheer. Increases Intelligence by 15 and Perception by 7. Limited Edition 2014-2015 Winter Gear. Two-handed item.,1,"[{""code"":31,""dataId"":1,""value"":0},{""code"":22,""dataId"":0,""value"":0}]",97,Winter-lit Staff,weapon_special_winter2015Mage,160,6,0,0,0,0,15,0,7,7
67,6,This scepter warms sore muscles and soothes away stress. Increases Intelligence by 9. Limited Edition 2014-2015 Winter Gear. ,1,"[{""code"":31,""dataId"":1,""value"":0},{""code"":22,""dataId"":0,""value"":0}]",97,Soothing Scepter,weapon_special_winter2015Healer,90,6,0,0,0,0,9,0,0,0
68,6,Don't let the sound fool you - these explosives pack a punch. Increases Strength by 8. Limited Edition 2015 Spring Gear. ,1,"[{""code"":31,""dataId"":1,""value"":0},{""code"":22,""dataId"":0,""value"":0}]",97,Exploding Squeak,weapon_special_spring2015Rogue,80,6,0,0,8,0,0,0,0,0
69,6,It is a real bone club for real fierce doggies and is definitely not a chew toy that the Seasonal Sorceress gave you because who's a good doggy? Whoooo's a good doggy?? It's you!!! You're a good doggy!!! Increases Strength by 15. Limited Edition 2015 Spring Gear. ,1,"[{""code"":31,""dataId"":1,""value"":0},{""code"":22,""dataId"":0,""value"":0}]",97,Bone Club,weapon_special_spring2015Warrior,90,6,0,0,15,0,0,0,0,0
70,6,Conjure up a carrot for yourself with this fancy wand. Increases Intelligence by 15 and Perception by 7. Limited Edition 2015 Spring Gear. Two-handed item.,1,"[{""code"":31,""dataId"":1,""value"":0},{""code"":22,""dataId"":0,""value"":0}]",97,Magician's Wand,weapon_special_spring2015Mage,160,6,0,0,0,0,15,0,7,7
71,6,"When you wave it, it makes a fascinating clickety noise that would keep ANYONE entertained for hours. Increases Intelligence by 9. Limited Edition 2015 Spring Gear. ",1,"[{""code"":31,""dataId"":1,""value"":0},{""code"":22,""dataId"":0,""value"":0}]",97,Cat Rattle,weapon_special_spring2015Healer,90,6,0,0,0,0,9,0,0,0
72,6,This relative of fire coral has the ability to propel its venom through the water. Increases Strength by 8. Limited Edition 2015 Summer Gear. ,1,"[{""code"":31,""dataId"":1,""value"":0},{""code"":22,""dataId"":0,""value"":0}]",97,Firing Coral,weapon_special_summer2015Rogue,80,6,0,0,8,0,0,0,0,0
73,6,"The Sun Swordfish is a fearsome weapon, provided that it can be induced to stop wriggling. Increases Strength by 15. Limited Edition 2015 Summer Gear. ",1,"[{""code"":31,""dataId"":1,""value"":0},{""code"":22,""dataId"":0,""value"":0}]",97,Sun Swordfish,weapon_special_summer2015Warrior,90,6,0,0,15,0,0,0,0,0
74,6,Hidden power glimmers in the jewels of this staff. Increases Intelligence by 15 and Perception by 7. Limited Edition 2015 Summer Gear. Two-handed item.,1,"[{""code"":31,""dataId"":1,""value"":0},{""code"":22,""dataId"":0,""value"":0}]",97,Soothsayer Staff,weapon_special_summer2015Mage,160,6,0,0,0,0,15,0,7,7
75,6,Cures seasickness and sea sickness! Increases Intelligence by 9. Limited Edition 2015 Summer Gear. ,1,"[{""code"":31,""dataId"":1,""value"":0},{""code"":22,""dataId"":0,""value"":0}]",97,Wand of the Waves,weapon_special_summer2015Healer,90,6,0,0,0,0,9,0,0,0
76,6,Fearsome To-Dos cower before the flapping of this ax. Increases Strength by 8. Limited Edition 2015 Autumn Gear. ,1,"[{""code"":31,""dataId"":1,""value"":0},{""code"":22,""dataId"":0,""value"":0}]",97,Bat-tle Ax,weapon_special_fall2015Rogue,80,6,0,0,8,0,0,0,0,0
77,6,Great for elevating things in cornfields and/or smacking tasks. Increases Strength by 15. Limited Edition 2015 Autumn Gear. ,1,"[{""code"":31,""dataId"":1,""value"":0},{""code"":22,""dataId"":0,""value"":0}]",97,Wooden Plank,weapon_special_fall2015Warrior,90,6,0,0,15,0,0,0,0,0
78,6,A powerful Stitch Witch can control this enchanted thread without even touching it! Increases Intelligence by 15 and Perception by 7. Limited Edition 2015 Autumn Gear. Two-handed item.,1,"[{""code"":31,""dataId"":1,""value"":0},{""code"":22,""dataId"":0,""value"":0}]",97,Enchanted Thread,weapon_special_fall2015Mage,160,6,0,0,0,0,15,0,7,7
79,6,Brewed to perfection! Now you just have to convince yourself to drink it. Increases Intelligence by 9. Limited Edition 2015 Autumn Gear. ,1,"[{""code"":31,""dataId"":1,""value"":0},{""code"":22,""dataId"":0,""value"":0}]",97,Swamp-Slime Potion,weapon_special_fall2015Healer,90,6,0,0,0,0,9,0,0,0
80,6,"Warming drink, or boiling projectile? You decide... Increases Strength by 8. Limited Edition 2015-2016 Winter Gear. ",1,"[{""code"":31,""dataId"":1,""value"":0},{""code"":22,""dataId"":0,""value"":0}]",97,Cocoa Mug,weapon_special_winter2016Rogue,80,6,0,0,8,0,0,0,0,0
81,6,Shovel overdue tasks out of the way! Increases Strength by 15. Limited Edition 2015-2016 Winter Gear. ,1,"[{""code"":31,""dataId"":1,""value"":0},{""code"":22,""dataId"":0,""value"":0}]",97,Sturdy Shovel,weapon_special_winter2016Warrior,90,6,0,0,15,0,0,0,0,0
82,6,"Your moves are so sick, they must be magic! Increases Intelligence by 15 and Perception by 7. Limited Edition 2015-2016 Winter Gear. Two-handed item.",1,"[{""code"":31,""dataId"":1,""value"":0},{""code"":22,""dataId"":0,""value"":0}]",97,Sorcerous Snowboard,weapon_special_winter2016Mage,160,6,0,0,0,0,15,0,7,7
83,6,WHEEEEEEEEEE!!!!!!! HAPPY WINTER WONDERLAND!!!!!!!! Increases Intelligence by 9. Limited Edition 2015-2016 Winter Gear. ,1,"[{""code"":31,""dataId"":1,""value"":0},{""code"":22,""dataId"":0,""value"":0}]",97,Confetti Cannon,weapon_special_winter2016Healer,90,6,0,0,0,0,9,0,0,0
84,6,"You've mastered the ball, the club, and the knife. Now you advance to juggling fire! Awoo! Increases Strength by 8. Limited Edition 2016 Spring Gear. ",1,"[{""code"":31,""dataId"":1,""value"":0},{""code"":22,""dataId"":0,""value"":0}]",97,Fire Bolas,weapon_special_spring2016Rogue,80,6,0,0,8,0,0,0,0,0
85,6,No one has as many friends as the mouse with tender cheeses. Increases Strength by 15. Limited Edition 2016 Spring Gear. ,1,"[{""code"":31,""dataId"":1,""value"":0},{""code"":22,""dataId"":0,""value"":0}]",97,Cheese Mallet,weapon_special_spring2016Warrior,90,6,0,0,15,0,0,0,0,0
86,6,"Abra-cat-abra! So dazzling, you might mesmerize yourself! Ooh... it jingles... Increases Intelligence by 15 and Perception by 7. Limited Edition 2016 Spring Gear. Two-handed item.",1,"[{""code"":31,""dataId"":1,""value"":0},{""code"":22,""dataId"":0,""value"":0}]",97,Staff of Bells,weapon_special_spring2016Mage,160,6,0,0,0,0,15,0,7,7
87,6,"With a wave and a wink, you bring the fields and forests into bloom! Or bop troublesome mice on the head. Increases Intelligence by 9. Limited Edition 2016 Spring Gear. ",1,"[{""code"":31,""dataId"":1,""value"":0},{""code"":22,""dataId"":0,""value"":0}]",97,Spring Flower Wand,weapon_special_spring2016Healer,90,6,0,0,0,0,9,0,0,0
88,6,Anyone who battles you is in for a shocking surprise... Increases Strength by 8. Limited Edition 2016 Summer Gear. ,1,"[{""code"":31,""dataId"":1,""value"":0},{""code"":22,""dataId"":0,""value"":0}]",97,Electric Rod,weapon_special_summer2016Rogue,80,6,0,0,8,0,0,0,0,0
89,6,Bite those tough tasks with this hooked sword! Increases Strength by 15. Limited Edition 2016 Summer Gear. ,1,"[{""code"":31,""dataId"":1,""value"":0},{""code"":22,""dataId"":0,""value"":0}]",97,Hooked Sword,weapon_special_summer2016Warrior,90,6,0,0,15,0,0,0,0,0
90,6,All the power of the seas filters through this staff. Increases Intelligence by 15 and Perception by 7. Limited Edition 2016 Summer Gear. Two-handed item.,1,"[{""code"":31,""dataId"":1,""value"":0},{""code"":22,""dataId"":0,""value"":0}]",97,Seafoam Staff,weapon_special_summer2016Mage,160,6,0,0,0,0,15,0,7,7
91,6,"One spike harms, the other heals. Increases Intelligence by 9. Limited Edition 2016 Summer Gear. ",1,"[{""code"":31,""dataId"":1,""value"":0},{""code"":22,""dataId"":0,""value"":0}]",97,Healing Trident,weapon_special_summer2016Healer,90,6,0,0,0,0,9,0,0,0
92,6,Feel the sting of the spider's bite! Increases Strength by 8. Limited Edition 2016 Autumn Gear. ,1,"[{""code"":31,""dataId"":1,""value"":0},{""code"":22,""dataId"":0,""value"":0}]",97,Spiderbite Dagger,weapon_special_fall2016Rogue,80,6,0,0,8,0,0,0,0,0
93,6,Attack your tasks with these twisting roots! Increases Strength by 15. Limited Edition 2016 Autumn Gear. ,1,"[{""code"":31,""dataId"":1,""value"":0},{""code"":22,""dataId"":0,""value"":0}]",97,Attacking Roots,weapon_special_fall2016Warrior,90,6,0,0,15,0,0,0,0,0
94,6,Don't ask this orb to tell your future... Increases Intelligence by 15 and Perception by 7. Limited Edition 2016 Autumn Gear. Two-handed item.,1,"[{""code"":31,""dataId"":1,""value"":0},{""code"":22,""dataId"":0,""value"":0}]",97,Ominous Orb,weapon_special_fall2016Mage,160,6,0,0,0,0,15,0,7,7
95,6,"One bite harms, and another bite heals. Increases Intelligence by 9. Limited Edition 2016 Autumn Gear. ",1,"[{""code"":31,""dataId"":1,""value"":0},{""code"":22,""dataId"":0,""value"":0}]",97,Venomous Serpent,weapon_special_fall2016Healer,90,6,0,0,0,0,9,0,0,0
96,6,"This axe is great for attack, defense, and ice-climbing! Increases Strength by 8. Limited Edition 2016-2017 Winter Gear. ",1,"[{""code"":31,""dataId"":1,""value"":0},{""code"":22,""dataId"":0,""value"":0}]",97,Ice Axe,weapon_special_winter2017Rogue,80,6,0,0,8,0,0,0,0,0
97,6,Conquer your goals by whacking them with this mighty stick! Increases Strength by 15. Limited Edition 2016-2017 Winter Gear. ,1,"[{""code"":31,""dataId"":1,""value"":0},{""code"":22,""dataId"":0,""value"":0}]",97,Stick of Might,weapon_special_winter2017Warrior,90,6,0,0,15,0,0,0,0,0
98,6,The glowing blue crystal set in the end of this staff is called the Winter Wolf's Eye! It channels magic from snow and ice. Increases Intelligence by 15 and Perception by 7. Limited Edition 2016-2017 Winter Gear. Two-handed item.,1,"[{""code"":31,""dataId"":1,""value"":0},{""code"":22,""dataId"":0,""value"":0}]",97,Winter Wolf Crystal Staff,weapon_special_winter2017Mage,170,6,0,0,0,0,15,0,7,7
99,6,This wand can reach into your dreams and bring you visions of dancing sugarplums. Increases Intelligence by 9. Limited Edition 2016-2017 Winter Gear. ,1,"[{""code"":31,""dataId"":1,""value"":0},{""code"":22,""dataId"":0,""value"":0}]",97,Sugar-Spun Wand,weapon_special_winter2017Healer,90,6,0,0,0,0,9,0,0,0
100,6,"These blades will make quick work of tasks, but also are handy for slicing vegetables! Yum! Increases Strength by 8. Limited Edition 2017 Spring Gear. ",1,"[{""code"":31,""dataId"":1,""value"":0},{""code"":22,""dataId"":0,""value"":0}]",97,Karrotana,weapon_special_spring2017Rogue,80,6,0,0,8,0,0,0,0,0
101,6,This mighty whip will tame the unruliest task. But.. It's alsoâ€¦ So FUN AND DISTRACTING!! Increases Strength by 15. Limited Edition 2017 Spring Gear. ,1,"[{""code"":31,""dataId"":1,""value"":0},{""code"":22,""dataId"":0,""value"":0}]",97,Feathery Whip,weapon_special_spring2017Warrior,90,6,0,0,15,0,0,0,0,0
102,6,"When you're not crafting spells with it, you can throw it and then bring it back! What fun!! Increases Intelligence by 15 and Perception by 7. Limited Edition 2017 Spring Gear. Two-handed item.",1,"[{""code"":31,""dataId"":1,""value"":0},{""code"":22,""dataId"":0,""value"":0}]",97,Magic Fetching Stick,weapon_special_spring2017Mage,160,6,0,0,0,0,15,0,7,7
103,6,The true magic of this wand is the secret of new life inside the colorful shell. Increases Intelligence by 9. Limited Edition 2017 Spring Gear. ,1,"[{""code"":31,""dataId"":1,""value"":0},{""code"":22,""dataId"":0,""value"":0}]",97,Egg Wand,weapon_special_spring2017Healer,90,6,0,0,0,0,9,0,0,0
104,6,The edges of these fins are razor-sharp. Increases Strength by 8. Limited Edition 2017 Summer Gear. ,1,"[{""code"":31,""dataId"":1,""value"":0},{""code"":22,""dataId"":0,""value"":0}]",97,Sea Dragon Fins,weapon_special_summer2017Rogue,80,6,0,0,8,0,0,0,0,0
105,6,All fear it. Increases Strength by 15. Limited Edition 2017 Summer Gear. ,1,"[{""code"":31,""dataId"":1,""value"":0},{""code"":22,""dataId"":0,""value"":0}]",97,The Mightiest Beach Umbrella,weapon_special_summer2017Warrior,90,6,0,0,15,0,0,0,0,0
106,6,Summon up magical whips of boiling water to smite your tasks! Increases Intelligence by 15 and Perception by 7. Limited Edition 2017 Summer Gear. Two-handed item.,1,"[{""code"":31,""dataId"":1,""value"":0},{""code"":22,""dataId"":0,""value"":0}]",97,Whirlpool Whips,weapon_special_summer2017Mage,160,6,0,0,0,0,15,0,7,7
107,6,A single touch from this pearl-tipped wand soothes away all wounds. Increases Intelligence by 9. Limited Edition 2017 Summer Gear. ,1,"[{""code"":31,""dataId"":1,""value"":0},{""code"":22,""dataId"":0,""value"":0}]",97,Pearl Wand,weapon_special_summer2017Healer,90,6,0,0,0,0,9,0,0,0
108,6,Defeat your foes with sweetness! Increases Strength by 8. Limited Edition 2017 Autumn Gear. ,1,"[{""code"":31,""dataId"":1,""value"":0},{""code"":22,""dataId"":0,""value"":0}]",97,Candied Apple Mace,weapon_special_fall2017Rogue,80,6,0,0,8,0,0,0,0,0
109,6,"All your foes will cower before this tasty-looking lance, regardless of whether they're ghosts, monsters, or red To-Dos. Increases Strength by 15. Limited Edition 2017 Autumn Gear. ",1,"[{""code"":31,""dataId"":1,""value"":0},{""code"":22,""dataId"":0,""value"":0}]",97,Candy Corn Lance,weapon_special_fall2017Warrior,90,6,0,0,15,0,0,0,0,0
110,6,The eyes of the glowing skull on this staff radiate magic and mystery. Increases Intelligence by 15 and Perception by 7. Limited Edition 2017 Autumn Gear. Two-handed item.,1,"[{""code"":31,""dataId"":1,""value"":0},{""code"":22,""dataId"":0,""value"":0}]",97,Spooky Staff,weapon_special_fall2017Mage,160,6,0,0,0,0,15,0,7,7
111,6,This light dispels fear and lets others know you're here to help. Increases Intelligence by 9. Limited Edition 2017 Autumn Gear. ,1,"[{""code"":31,""dataId"":1,""value"":0},{""code"":22,""dataId"":0,""value"":0}]",97,Creepy Candelabra,weapon_special_fall2017Healer,90,6,0,0,0,0,9,0,0,0
112,6,"Perfect for climbing walls or distracting your foes with sweet, sweet candy. Increases Strength by 8. Limited Edition 2017-2018 Winter Gear. ",1,"[{""code"":31,""dataId"":1,""value"":0},{""code"":22,""dataId"":0,""value"":0}]",97,Peppermint Hook,weapon_special_winter2018Rogue,80,6,0,0,8,0,0,0,0,0
113,6,The sparkly appearance of this bright weapon will dazzle your enemies as you swing it! Increases Strength by 15. Limited Edition 2017-2018 Winter Gear. ,1,"[{""code"":31,""dataId"":1,""value"":0},{""code"":22,""dataId"":0,""value"":0}]",97,Holiday Bow Hammer,weapon_special_winter2018Warrior,90,6,0,0,15,0,0,0,0,0
114,6,Magic--and glitter--is in the air! Increases Intelligence by 15 and Perception by 7. Limited Edition 2017-2018 Winter Gear. Two-handed item.,1,"[{""code"":31,""dataId"":1,""value"":0},{""code"":22,""dataId"":0,""value"":0}]",97,Holiday Confetti,weapon_special_winter2018Mage,170,6,0,0,0,0,15,0,7,7
115,6,This mistletoe ball is sure to enchant and delight passersby! Increases Intelligence by 9. Limited Edition 2017-2018 Winter Gear. ,1,"[{""code"":31,""dataId"":1,""value"":0},{""code"":22,""dataId"":0,""value"":0}]",97,Mistletoe Wand,weapon_special_winter2018Healer,90,6,0,0,0,0,9,0,0,0
116,6,What might appear to be cute cattails are actually quite effective weapons in the right wings. Increases Strength by 8. Limited Edition 2018 Spring Gear. ,1,"[{""code"":31,""dataId"":1,""value"":0},{""code"":22,""dataId"":0,""value"":0}]",97,Buoyant Bullrush,weapon_special_spring2018Rogue,80,6,0,0,8,0,0,0,0,0
117,6,"Made of bright gold, this axe is mighty enough to attack the reddest task! Increases Strength by 15. Limited Edition 2018 Spring Gear. ",1,"[{""code"":31,""dataId"":1,""value"":0},{""code"":22,""dataId"":0,""value"":0}]",97,Axe of Daybreak,weapon_special_spring2018Warrior,90,6,0,0,15,0,0,0,0,0
118,6,This magic flower never wilts! Increases Intelligence by 15 and Perception by 7. Limited Edition 2018 Spring Gear. Two-handed item.,1,"[{""code"":31,""dataId"":1,""value"":0},{""code"":22,""dataId"":0,""value"":0}]",97,Tulip Stave,weapon_special_spring2018Mage,160,6,0,0,0,0,15,0,7,7
119,6,The stones in this staff will focus your power when you cast healing spells! Increases Intelligence by 9. Limited Edition 2018 Spring Gear. ,1,"[{""code"":31,""dataId"":1,""value"":0},{""code"":22,""dataId"":0,""value"":0}]",97,Garnet Rod,weapon_special_spring2018Healer,90,6,0,0,0,0,9,0,0,0
120,6,"This lightweight, practically unbreakable rod and reel can be dual-wielded to maximize your DPS (Dragonfish Per Summer). Increases Strength by 8. Limited Edition 2018 Summer Gear. ",1,"[{""code"":31,""dataId"":1,""value"":0},{""code"":22,""dataId"":0,""value"":0}]",97,Fishing Rod,weapon_special_summer2018Rogue,80,6,0,0,8,0,0,0,0,0
121,6,"Mighty enough for battle, elegant enough for ceremony, this exquisitely crafted spear shows you will protect your home surf no matter what! Increases Strength by 15. Limited Edition 2018 Summer Gear. ",1,"[{""code"":31,""dataId"":1,""value"":0},{""code"":22,""dataId"":0,""value"":0}]",97,Betta Fish Spear,weapon_special_summer2018Warrior,90,6,0,0,15,0,0,0,0,0
122,6,"Underwater, magic based on fire, ice, or electricity can prove hazardous to the Mage wielding it. Conjuring poisonous spines, however, works brilliantly! Increases Intelligence by 15 and Perception by 7. Limited Edition 2018 Summer Gear. Two-handed item.",1,"[{""code"":31,""dataId"":1,""value"":0},{""code"":22,""dataId"":0,""value"":0}]",97,Lionfish Fin Rays,weapon_special_summer2018Mage,160,6,0,0,0,0,15,0,7,7
123,6,"With a benevolent gesture, you command healing water to flow through your dominions in waves. Increases Intelligence by 9. Limited Edition 2018 Summer Gear. ",1,"[{""code"":31,""dataId"":1,""value"":0},{""code"":22,""dataId"":0,""value"":0}]",97,Merfolk Monarch Trident,weapon_special_summer2018Healer,90,6,0,0,0,0,9,0,0,0
124,6,"When you need to come back to your senses, when you need a little boost to make the right decision, take a deep breath and a sip. It'll be OK! Increases Strength by 8. Limited Edition 2018 Autumn Gear. ",1,"[{""code"":31,""dataId"":1,""value"":0},{""code"":22,""dataId"":0,""value"":0}]",97,Vial of Clarity,weapon_special_fall2018Rogue,80,6,0,0,8,0,0,0,0,0
125,6,"Not quite long enough to unwind behind you for keeping your bearings in a maze. Well, maybe a very small maze. Increases Strength by 15. Limited Edition 2018 Autumn Gear. ",1,"[{""code"":31,""dataId"":1,""value"":0},{""code"":22,""dataId"":0,""value"":0}]",97,Whip of Minos,weapon_special_fall2018Warrior,90,6,0,0,15,0,0,0,0,0
126,6,This is no ordinary lollipop! The glowing orb of magic sugar atop this staff has the power to make good habits stick to you. Increases Intelligence by 15 and Perception by 7. Limited Edition 2018 Autumn Gear. Two-handed item.,1,"[{""code"":31,""dataId"":1,""value"":0},{""code"":22,""dataId"":0,""value"":0}]",97,Staff of Sweetness,weapon_special_fall2018Mage,160,6,0,0,0,0,15,0,7,7
127,6,"Just keep this staff fed, and it will bestow Blessings. If you forget to feed it, keep your fingers out of reach. Increases Intelligence by 9. Limited Edition 2018 Autumn Gear. ",1,"[{""code"":31,""dataId"":1,""value"":0},{""code"":22,""dataId"":0,""value"":0}]",97,Starving Staff,weapon_special_fall2018Healer,90,6,0,0,0,0,9,0,0,0
128,6,"Use this festive bouquet to further camouflage yourself, or generously gift it to brighten a friend's day! Increases Strength by 8. Limited Edition 2018-2019 Winter Gear. ",1,"[{""code"":31,""dataId"":1,""value"":0},{""code"":22,""dataId"":0,""value"":0}]",97,Poinsettia Bouquet,weapon_special_winter2019Rogue,80,6,0,0,8,0,0,0,0,0
129,6,"This snowflake was grown, ice crystal by ice crystal, into a diamond-hard blade! Increases Strength by 15. Limited Edition 2018-2019 Winter Gear. ",1,"[{""code"":31,""dataId"":1,""value"":0},{""code"":22,""dataId"":0,""value"":0}]",97,Snowflake Halberd,weapon_special_winter2019Warrior,90,6,0,0,15,0,0,0,0,0
130,6,Watch out! This explosive staff is ready to help you take on all comers. Increases Intelligence by 15 and Perception by 7. Limited Edition 2018-2019 Winter Gear. Two-handed item.,1,"[{""code"":31,""dataId"":1,""value"":0},{""code"":22,""dataId"":0,""value"":0}]",97,Fiery Dragon Staff,weapon_special_winter2019Mage,170,6,0,0,0,0,15,0,7,7
131,6,"Winter can be a time of rest and healing, and so this wand of winter magic can help to soothe the most grievous hurts. Increases Intelligence by 9. Limited Edition 2018-2019 Winter Gear. ",1,"[{""code"":31,""dataId"":1,""value"":0},{""code"":22,""dataId"":0,""value"":0}]",97,Wand of Winter,weapon_special_winter2019Healer,90,6,0,0,0,0,9,0,0,0
132,6,These weapons contain the power of the sky and rain. We recommend that you not use them while immersed in water. Increases Strength by 8. Limited Edition 2019 Spring Gear. ,1,"[{""code"":31,""dataId"":1,""value"":0},{""code"":22,""dataId"":0,""value"":0}]",97,Lightning Bolt,weapon_special_spring2019Rogue,80,6,0,0,8,0,0,0,0,0
133,6,Bad habits cower before this verdant blade. Increases Strength by 15. Limited Edition 2019 Spring Gear. ,1,"[{""code"":31,""dataId"":1,""value"":0},{""code"":22,""dataId"":0,""value"":0}]",97,Stem Sword,weapon_special_spring2019Warrior,90,6,0,0,15,0,0,0,0,0
134,6,There's a mosquito embedded in the stone at the end of this staff! May or may not include Dino DNA. Increases Intelligence by 15 and Perception by 7. Limited Edition 2019 Spring Gear. Two-handed item.,1,"[{""code"":31,""dataId"":1,""value"":0},{""code"":22,""dataId"":0,""value"":0}]",97,Amber Staff,weapon_special_spring2019Mage,160,6,0,0,0,0,15,0,7,7
135,6,Your song of flowers and rain will soothe the spirits of all who hear. Increases Intelligence by 9. Limited Edition 2019 Spring Gear. ,1,"[{""code"":31,""dataId"":1,""value"":0},{""code"":22,""dataId"":0,""value"":0}]",97,Spring Song,weapon_special_spring2019Healer,90,6,0,0,0,0,9,0,0,0
136,6,This ancient and formidable weapon will help you win any undersea battle. Increases Strength by 8. Limited Edition 2019 Summer Gear. ,1,"[{""code"":31,""dataId"":1,""value"":0},{""code"":22,""dataId"":0,""value"":0}]",97,Antiquated Anchor,weapon_special_summer2019Rogue,80,6,0,0,8,0,0,0,0,0
137,6,Now you're fighting with fractals! Increases Strength by 15. Limited Edition 2019 Summer Gear. ,1,"[{""code"":31,""dataId"":1,""value"":0},{""code"":22,""dataId"":0,""value"":0}]",97,Red Coral,weapon_special_summer2019Warrior,90,6,0,0,15,0,0,0,0,0
138,6,"Fruit of your labors, first picked from the pool, this little treasure empowers and inspires. Increases Intelligence by 15. Limited Edition 2019 Summer Gear. ",1,"[{""code"":31,""dataId"":1,""value"":0},{""code"":22,""dataId"":0,""value"":0}]",97,Brilliant Bloom,weapon_special_summer2019Mage,90,6,0,0,0,0,15,0,0,0
139,6,The bubbles from this wand capture healing energy and ancient oceanic magic. Increases Intelligence by 9. Limited Edition 2019 Summer Gear. ,1,"[{""code"":31,""dataId"":1,""value"":0},{""code"":22,""dataId"":0,""value"":0}]",97,Bubble Wand,weapon_special_summer2019Healer,90,6,0,0,0,0,9,0,0,0
140,6,"Whether you're conducting the orchestra or singing an aria, this helpful device keeps your hands free for dramatic gestures! Increases Strength by 8. Limited Edition 2019 Autumn Gear. ",1,"[{""code"":31,""dataId"":1,""value"":0},{""code"":22,""dataId"":0,""value"":0}]",97,Music Stand,weapon_special_fall2019Rogue,80,6,0,0,8,0,0,0,0,0
141,6,Prepare to rend your foes with the talons of a raven! Increases Strength by 15. Limited Edition 2019 Autumn Gear. ,1,"[{""code"":31,""dataId"":1,""value"":0},{""code"":22,""dataId"":0,""value"":0}]",97,Talon Trident,weapon_special_fall2019Warrior,90,6,0,0,15,0,0,0,0,0
142,6,"Be it forging thunderbolts, raising fortifications, or simply striking terror into the hearts of mortals, this staff lends the power of giants to work wonders. Increases Intelligence by 15 and Perception by 7. Limited Edition 2019 Autumn Gear. Two-handed item.",1,"[{""code"":31,""dataId"":1,""value"":0},{""code"":22,""dataId"":0,""value"":0}]",97,One-Eyed Staff,weapon_special_fall2019Mage,160,6,0,0,0,0,15,0,7,7
143,6,This phylactery can call on the spirits of tasks long slain and use their healing power. Increases Intelligence by 9. Limited Edition 2019 Autumn Gear. ,1,"[{""code"":31,""dataId"":1,""value"":0},{""code"":22,""dataId"":0,""value"":0}]",97,Fearsome Phylactery,weapon_special_fall2019Healer,90,6,0,0,0,0,9,0,0,0
144,6,"Curved as a gryphon's beak and talons, this ornate polearm reminds you to power through when the task ahead feels daunting. Increases Strength by 20. ",1,"[{""code"":31,""dataId"":1,""value"":0},{""code"":22,""dataId"":0,""value"":0}]",97,Mythic Gryphon Glaive,weapon_special_ks2019,0,6,0,0,20,0,0,0,0,0
145,6,"Darkness is a Rogue's element. Who better, then, to light the way in the darkest time of year? Increases Strength by 8. Limited Edition 2019-2020 Winter Gear. ",1,"[{""code"":31,""dataId"":1,""value"":0},{""code"":22,""dataId"":0,""value"":0}]",97,Lantern Rod,weapon_special_winter2020Rogue,80,6,0,0,8,0,0,0,0,0
146,6,"Back, squirrels! You will take no piece of this! ...But if you all want to hang out and have cocoa, that's cool. Increases Strength by 15. Limited Edition 2019-2020 Winter Gear. ",1,"[{""code"":31,""dataId"":1,""value"":0},{""code"":22,""dataId"":0,""value"":0}]",97,Pointy Conifer Cone,weapon_special_winter2020Warrior,90,6,0,0,15,0,0,0,0,0
147,6,"With practice, you can project this aural magic at any desired frequency: a meditative hum, a festive chime, or a RED TASK OVERDUE ALARM. Increases Intelligence by 15 and Perception by 7. Limited Edition 2019-2020 Winter Gear. Two-handed item.",1,"[{""code"":31,""dataId"":1,""value"":0},{""code"":22,""dataId"":0,""value"":0}]",97,Rippling Sound Waves,weapon_special_winter2020Mage,170,6,0,0,0,0,15,0,7,7
148,6,"Wave it about, and its aroma will summon your friends and helpers to begin cooking and baking! Increases Intelligence by 9. Limited Edition 2019-2020 Winter Gear. ",1,"[{""code"":31,""dataId"":1,""value"":0},{""code"":22,""dataId"":0,""value"":0}]",97,Clove Scepter,weapon_special_winter2020Healer,90,6,0,0,0,0,9,0,0,0
149,6,You'll strike so fast it'll look even MORE blue! Increases Strength by 8. Limited Edition 2020 Spring Gear. ,1,"[{""code"":31,""dataId"":1,""value"":0},{""code"":22,""dataId"":0,""value"":0}]",97,Lazurite Blade,weapon_special_spring2020Rogue,80,6,0,0,8,0,0,0,0,0
150,6,"Fight or flight, this wing will serve you well! Increases Strength by 15. Limited Edition 2020 Spring Gear. ",1,"[{""code"":31,""dataId"":1,""value"":0},{""code"":22,""dataId"":0,""value"":0}]",97,Sharpened Wing,weapon_special_spring2020Warrior,90,6,0,0,15,0,0,0,0,0
151,6,They keep falling on your head! But you'll never stop them by complaining. Increases Intelligence by 15 and Perception by 7. Limited Edition 2020 Spring Gear. Two-handed item.,1,"[{""code"":31,""dataId"":1,""value"":0},{""code"":22,""dataId"":0,""value"":0}]",97,Raindrops,weapon_special_spring2020Mage,160,6,0,0,0,0,15,0,7,7
152,6,"An iris is beautiful, but the leaves are like swords... don't be deceived by the flowers, this staff is tough as steel! Increases Intelligence by 9. Limited Edition 2020 Spring Gear. ",1,"[{""code"":31,""dataId"":1,""value"":0},{""code"":22,""dataId"":0,""value"":0}]",97,Sword-Lily Staff,weapon_special_spring2020Healer,90,6,0,0,0,0,9,0,0,0
153,6,Stab your enemies or dig in to your favorite foods - this versatile pitchfork does it all! Confers no benefit. November 2014 Subscriber Item. ,1,"[{""code"":31,""dataId"":1,""value"":0},{""code"":22,""dataId"":0,""value"":0}]",97,Pitchfork of Feasting,weapon_mystery_201411,0,7,0,0,0,0,0,0,0,0
154,6,For WINGS! For LOVE! For ALSO TRUTH! Confers no benefit. February 2015 Subscriber Item. ,1,"[{""code"":31,""dataId"":1,""value"":0},{""code"":22,""dataId"":0,""value"":0}]",97,Shimmery Winged Staff of Love and Also Truth,weapon_mystery_201502,0,7,0,0,0,0,0,0,0,0
155,6,This green and silver lance has unseated many opponents from their mounts. Confers no benefit. May 2015 Subscriber Item. ,1,"[{""code"":31,""dataId"":1,""value"":0},{""code"":22,""dataId"":0,""value"":0}]",97,Green Knight Lance,weapon_mystery_201505,0,7,0,0,0,0,0,0,0,0
156,6,All manner of delicious and wholesome foods spill forth from this horn. Enjoy the feast! Confers no benefit. November 2016 Subscriber Item. ,1,"[{""code"":31,""dataId"":1,""value"":0},{""code"":22,""dataId"":0,""value"":0}]",97,Copious Cornucopia,weapon_mystery_201611,0,7,0,0,0,0,0,0,0,0
157,6,The fiery glow of this sword will make quick work of even dark red Tasks! Confers no benefit. August 2017 Subscriber Item. ,1,"[{""code"":31,""dataId"":1,""value"":0},{""code"":22,""dataId"":0,""value"":0}]",97,Lava Sword,weapon_mystery_201708,0,7,0,0,0,0,0,0,0,0
158,6,This magical stave is as powerful as it is elegant. Confers no benefit. November 2018 Subscriber Item. ,1,"[{""code"":31,""dataId"":1,""value"":0},{""code"":22,""dataId"":0,""value"":0}]",97,Splendid Sorcerer's Staff,weapon_mystery_201811,0,7,0,0,0,0,0,0,0,0
159,6,"The crystal ball atop this staff can show you the future, but beware! Using such dangerous knowledge can change a person in unexpected ways. Confers no benefit. November 2019 Subscriber Item. ",1,"[{""code"":31,""dataId"":1,""value"":0},{""code"":22,""dataId"":0,""value"":0}]",97,Charmed Crystal Staff,weapon_mystery_201911,0,7,0,0,0,0,0,0,0,0
160,6,An accessory that lends you an air of mystery and romance. Sun protection is a bonus! Confers no benefit. February 2020 Subscriber Item. ,1,"[{""code"":31,""dataId"":1,""value"":0},{""code"":22,""dataId"":0,""value"":0}]",97,Stylish Sweetheart Parasol,weapon_mystery_202002,0,7,0,0,0,0,0,0,0,0
161,6,Excellent for taking a turn about town. March 3015 Subscriber Item. Confers no benefit. ,1,"[{""code"":31,""dataId"":1,""value"":0},{""code"":22,""dataId"":0,""value"":0}]",97,Steampunk Cane,weapon_mystery_301404,0,7,0,0,0,0,0,0,0,0
162,6,"This crossbow can pierce a task's armor from very far away! Increases Strength by 5, Perception by 5, and Constitution by 5. Enchanted Armoire: Independent Item. ",1,"[{""code"":31,""dataId"":1,""value"":0},{""code"":22,""dataId"":0,""value"":0}]",97,Basic Crossbow,weapon_armoire_basicCrossbow,100,8,0,0,5,5,0,5,5,5
163,6,The healing power of this wand waxes and wanes. Increases Constitution by 7 and Intelligence by 7. Enchanted Armoire: Soothing Lunar Set (Item 3 of 3). ,1,"[{""code"":31,""dataId"":1,""value"":0},{""code"":22,""dataId"":0,""value"":0}]",97,Soothing Lunar Sceptre,weapon_armoire_lunarSceptre,100,8,0,0,0,7,7,7,0,0
164,6,"Lassos: the ideal tool for rounding up and wrangling. Increases Strength by 5, Perception by 5, and Intelligence by 5. Enchanted Armoire: Rancher Set (Item 3 of 3). Two-handed item.",1,"[{""code"":31,""dataId"":1,""value"":0},{""code"":22,""dataId"":0,""value"":0}]",97,Rancher Lasso,weapon_armoire_rancherLasso,100,8,0,0,5,0,5,0,5,5
165,6,"Though it may seem humble, this sword has made many mythic heroes. Increases Perception and Strength by 6 each. Enchanted Armoire: Golden Toga Set (Item 3 of 3). ",1,"[{""code"":31,""dataId"":1,""value"":0},{""code"":22,""dataId"":0,""value"":0}]",97,Mythmaker Sword,weapon_armoire_mythmakerSword,100,8,0,0,6,0,0,0,6,6
166,6,"Fiercely hammered from iron, this iron crook is good at herding sheep. Increases Perception and Strength by 7 each. Enchanted Armoire: Horned Iron Set (Item 3 of 3). ",1,"[{""code"":31,""dataId"":1,""value"":0},{""code"":22,""dataId"":0,""value"":0}]",97,Iron Crook,weapon_armoire_ironCrook,100,8,0,0,7,0,0,0,7,7
167,6,The wings on this staff constantly flutter and twist. Increases all Stats by 4 each. Enchanted Armoire: Independent Item. ,1,"[{""code"":31,""dataId"":1,""value"":0},{""code"":22,""dataId"":0,""value"":0}]",97,Gold Wing Staff,weapon_armoire_goldWingStaff,100,8,0,0,4,4,4,4,4,4
168,6,This wand can turn any task into a bat! Wave it about and watch them fly away. Increases Intelligence by 10 and Perception by 2. Enchanted Armoire: Independent Item. ,1,"[{""code"":31,""dataId"":1,""value"":0},{""code"":22,""dataId"":0,""value"":0}]",97,Bat Wand,weapon_armoire_batWand,100,8,0,0,0,0,10,0,2,2
169,6,Useful for herding gryphons. Increases Constitution by 9. Enchanted Armoire: Shepherd Set (Item 1 of 3). ,1,"[{""code"":31,""dataId"":1,""value"":0},{""code"":22,""dataId"":0,""value"":0}]",97,Shepherd's Crook,weapon_armoire_shepherdsCrook,100,8,0,0,0,9,0,9,0,0
170,6,Summon the power of the crescent moon with this shining staff! Increases Intelligence and Strength by 7 each. Enchanted Armoire: Crystal Crescent Set (Item 3 of 3). ,1,"[{""code"":31,""dataId"":1,""value"":0},{""code"":22,""dataId"":0,""value"":0}]",97,Crystal Crescent Staff,weapon_armoire_crystalCrescentStaff,100,8,0,0,7,0,7,0,0,0
171,6,"Ready... Aim... Fire! This bow has great range. Increases Perception by 9, Constitution by 8, and Strength by 7. Enchanted Armoire: Iron Archer Set (Item 3 of 3). Two-handed item.",1,"[{""code"":31,""dataId"":1,""value"":0},{""code"":22,""dataId"":0,""value"":0}]",97,Blue Longbow,weapon_armoire_blueLongbow,100,8,0,0,7,8,0,8,9,9
172,6,This spear hypnotizes wild tasks so you can attack them. Increases Strength by 15. Enchanted Armoire: Independent Item. ,1,"[{""code"":31,""dataId"":1,""value"":0},{""code"":22,""dataId"":0,""value"":0}]",97,Glowing Spear,weapon_armoire_glowingSpear,100,8,0,0,15,0,0,0,0,0
173,6,Order! Increases Strength and Constitution by 5 each. Enchanted Armoire: Barrister Set (Item 3 of 3). ,1,"[{""code"":31,""dataId"":1,""value"":0},{""code"":22,""dataId"":0,""value"":0}]",97,Barrister Gavel,weapon_armoire_barristerGavel,100,8,0,0,5,5,0,5,0,0
174,6,"With a wave of your baton and some witty repartee, even the most complicated situations become clear. Increases Intelligence and Perception by 8 each. Enchanted Armoire: Jester Set (Item 3 of 3). ",1,"[{""code"":31,""dataId"":1,""value"":0},{""code"":22,""dataId"":0,""value"":0}]",97,Jester Baton,weapon_armoire_jesterBaton,100,8,0,0,0,0,8,0,8,8
175,6,Mine the maximum amount of gold from your tasks! Increases Perception by 15. Enchanted Armoire: Miner Set (Item 3 of 3). ,1,"[{""code"":31,""dataId"":1,""value"":0},{""code"":22,""dataId"":0,""value"":0}]",97,Mining Pickax,weapon_armoire_miningPickax,100,8,0,0,0,0,0,0,15,15
176,6,A serviceable hand-me-down bow. Increases Strength by 6. Enchanted Armoire: Basic Archer Set (Item 1 of 3). Two-handed item.,1,"[{""code"":31,""dataId"":1,""value"":0},{""code"":22,""dataId"":0,""value"":0}]",97,Basic Longbow,weapon_armoire_basicLongbow,100,8,0,0,6,0,0,0,0,0
177,6,A certificate of significant achievement -- well done! Increases Intelligence by 11. Enchanted Armoire: Graduate Set (Item 1 of 3). ,1,"[{""code"":31,""dataId"":1,""value"":0},{""code"":22,""dataId"":0,""value"":0}]",97,Habitican Diploma,weapon_armoire_habiticanDiploma,100,8,0,0,0,0,11,0,0,0
178,6,"A tool for digging, as well as flicking sand into the eyes of enemy monsters. Increases Strength by 10. Enchanted Armoire: Seaside Set (Item 1 of 3). ",1,"[{""code"":31,""dataId"":1,""value"":0},{""code"":22,""dataId"":0,""value"":0}]",97,Sandy Spade,weapon_armoire_sandySpade,100,8,0,0,10,0,0,0,0,0
179,6,Arr! Set your aim with determination. Increases Strength by 15. Enchanted Armoire: Cannoneer Set (Item 1 of 3). ,1,"[{""code"":31,""dataId"":1,""value"":0},{""code"":22,""dataId"":0,""value"":0}]",97,Cannon,weapon_armoire_cannon,100,8,0,0,15,0,0,0,0,0
180,6,Your arrow will fly like a shooting star from this brilliant red bow! Increases Strength by 15. Enchanted Armoire: Vermilion Archer Set (Item 1 of 3). Two-handed item.,1,"[{""code"":31,""dataId"":1,""value"":0},{""code"":22,""dataId"":0,""value"":0}]",97,Vermilion Archer Bow,weapon_armoire_vermilionArcherBow,100,8,0,0,15,0,0,0,0,0
181,6,This club was salvaged from an actual Ogre's lair. Increases Strength by 15. Enchanted Armoire: Ogre Outfit (Item 2 of 3). ,1,"[{""code"":31,""dataId"":1,""value"":0},{""code"":22,""dataId"":0,""value"":0}]",97,Ogre Club,weapon_armoire_ogreClub,100,8,0,0,15,0,0,0,0,0
182,6,"Made from a fallen limb of an ancient tree, this staff will help you communicate with forest denizens great and small. Increases Intelligence by 12. Enchanted Armoire: Wood Elf Set (Item 3 of 3). ",1,"[{""code"":31,""dataId"":1,""value"":0},{""code"":22,""dataId"":0,""value"":0}]",97,Wood Elf Staff,weapon_armoire_woodElfStaff,100,8,0,0,0,0,12,0,0,0
183,6,This wand sparkles with a warm red light. It will also grant your heart wisdom. Increases Intelligence by 13. Enchanted Armoire: Queen of Hearts Set (Item 3 of 3). ,1,"[{""code"":31,""dataId"":1,""value"":0},{""code"":22,""dataId"":0,""value"":0}]",97,Wand of Hearts,weapon_armoire_wandOfHearts,100,8,0,0,0,0,13,0,0,0
184,6,Use this gnarled staff to work mycological magic! Increases Intelligence by 8 and Perception by 9. Enchanted Armoire: Independent Item. ,1,"[{""code"":31,""dataId"":1,""value"":0},{""code"":22,""dataId"":0,""value"":0}]",97,Forest Fungus Staff,weapon_armoire_forestFungusStaff,100,8,0,0,0,0,8,0,9,9
185,6,Enjoy this delightful sparkler responsibly. Increases Perception by 8. Enchanted Armoire: Festival Attire Set (Item 3 of 3). ,1,"[{""code"":31,""dataId"":1,""value"":0},{""code"":22,""dataId"":0,""value"":0}]",97,Festival Firecracker,weapon_armoire_festivalFirecracker,100,8,0,0,0,0,0,0,8,8
186,6,Use this lacquered tray to show the fine goods you're offering for sale. Increases Intelligence by 10. Enchanted Armoire: Merchant Set (Item 3 of 3). ,1,"[{""code"":31,""dataId"":1,""value"":0},{""code"":22,""dataId"":0,""value"":0}]",97,Merchant's Display Tray,weapon_armoire_merchantsDisplayTray,100,8,0,0,0,0,10,0,0,0
187,6,This fine iron axe is well-suited to battling your fiercest foes or your most difficult tasks. Increases Intelligence by 6 and Constitution by 8. Enchanted Armoire: Independent Item. ,1,"[{""code"":31,""dataId"":1,""value"":0},{""code"":22,""dataId"":0,""value"":0}]",97,Ancient Axe,weapon_armoire_battleAxe,100,8,0,0,0,8,6,8,0,0
188,6,"Trim the hooves of your hard-working mounts to help them stay healthy as they carry you to adventure! Increases Strength, Intelligence, and Constitution by 6 each. Enchanted Armoire: Farrier Set (Item 1 of 3). ",1,"[{""code"":31,""dataId"":1,""value"":0},{""code"":22,""dataId"":0,""value"":0}]",97,Hoof Clippers,weapon_armoire_hoofClippers,100,8,0,0,6,6,6,6,0,0
189,6,Use this comb to pack your weft threads together to make a tightly woven fabric. Increases Perception by 8 and Strength by 9. Enchanted Armoire: Weaver Set (Item 2 of 3). ,1,"[{""code"":31,""dataId"":1,""value"":0},{""code"":22,""dataId"":0,""value"":0}]",97,Weaver's Comb,weapon_armoire_weaversComb,100,8,0,0,9,0,0,0,8,8
190,6,"This long pole has a wick on one end for lighting lamps, and a hook on the other end for putting them out. Increases Constitution by 8 and Perception by 6. Enchanted Armoire: Lamplighter's Set (Item 1 of 4). ",1,"[{""code"":31,""dataId"":1,""value"":0},{""code"":22,""dataId"":0,""value"":0}]",97,Lamplighter,weapon_armoire_lamplighter,100,8,0,0,0,8,0,8,6,6
191,6,"Your steeds know what they're doing, so this whip is just for show (and the neat snapping sound!). Increases Intelligence by 8 and Strength by 6. Enchanted Armoire: Coach Driver Set (Item 3 of 3). ",1,"[{""code"":31,""dataId"":1,""value"":0},{""code"":22,""dataId"":0,""value"":0}]",97,Coach Driver's Whip,weapon_armoire_coachDriversWhip,100,8,0,0,6,0,8,0,0,0
192,6,This scepter shines with a warm red glow as it grants you increased willpower. Increases Strength by 13. Enchanted Armoire: King of Diamonds Set (Item 3 of 4). ,1,"[{""code"":31,""dataId"":1,""value"":0},{""code"":22,""dataId"":0,""value"":0}]",97,Scepter of Diamonds,weapon_armoire_scepterOfDiamonds,100,8,0,0,13,0,0,0,0,0
193,6,"This group of scrappy lepidopterans is ready to flap fiercely and cool down your reddest tasks! Increases Constitution, Intelligence, and Strength by 5 each. Enchanted Armoire: Fluttery Frock Set (Item 3 of 4). ",1,"[{""code"":31,""dataId"":1,""value"":0},{""code"":22,""dataId"":0,""value"":0}]",97,Fluttery Army,weapon_armoire_flutteryArmy,100,8,0,0,5,5,5,5,0,0
194,6,"This hammer is specially made for leatherwork. It can do a real number on a red Daily in a pinch, though. Increases Constitution and Strength by 7 each. Enchanted Armoire: Cobbler Set (Item 2 of 3). ",1,"[{""code"":31,""dataId"":1,""value"":0},{""code"":22,""dataId"":0,""value"":0}]",97,Cobbler's Hammer,weapon_armoire_cobblersHammer,100,8,0,0,7,7,0,7,0,0
195,6,"Use this tube to blow molten glass into beautiful vases, ornaments, and other fancy things. Increases Strength by 6. Enchanted Armoire: Glassblower Set (Item 1 of 4). ",1,"[{""code"":31,""dataId"":1,""value"":0},{""code"":22,""dataId"":0,""value"":0}]",97,Glassblower's Blowpipe,weapon_armoire_glassblowersBlowpipe,100,8,0,0,6,0,0,0,0,0
196,6,Use this to build your resistance to iocane powder and other inconceivably dangerous poisons. Increases Intelligence by 7. Enchanted Armoire: Piratical Princess Set (Item 3 of 4). ,1,"[{""code"":31,""dataId"":1,""value"":0},{""code"":22,""dataId"":0,""value"":0}]",97,Poisoned Goblet,weapon_armoire_poisonedGoblet,100,8,0,0,0,0,7,0,0,0
197,6,This bow of gold and gems will send your arrows to their targets at incredible speed. Increases Intelligence by 15. Enchanted Armoire: Jeweled Archer Set (Item 3 of 3). Two-handed item.,1,"[{""code"":31,""dataId"":1,""value"":0},{""code"":22,""dataId"":0,""value"":0}]",97,Jeweled Archer Bow,weapon_armoire_jeweledArcherBow,100,8,0,0,0,0,15,0,0,0
198,6,You'd be surprised at how tough books can be. This needle can pierce right to the heart of your chores. Increases Strength by 8. Enchanted Armoire: Bookbinder Set (Item 3 of 4). ,1,"[{""code"":31,""dataId"":1,""value"":0},{""code"":22,""dataId"":0,""value"":0}]",97,Needle of Bookbinding,weapon_armoire_needleOfBookbinding,100,8,0,0,8,0,0,0,0,0
199,6,This knightly lance is perfect for attacking your reddest Habits and Dailies. Increases Constitution by 13. Enchanted Armoire: Ace of Spades Set (Item 3 of 3). ,1,"[{""code"":31,""dataId"":1,""value"":0},{""code"":22,""dataId"":0,""value"":0}]",97,Spear of Spades,weapon_armoire_spearOfSpades,100,8,0,0,0,13,0,13,0,0
200,6,This ancient To-Do list is filled with strange symbols and spells from a forgotten age. Increases Intelligence by 9. Enchanted Armoire: Scribe Set (Item 3 of 3). ,1,"[{""code"":31,""dataId"":1,""value"":0},{""code"":22,""dataId"":0,""value"":0}]",97,Arcane Scroll,weapon_armoire_arcaneScroll,100,8,0,0,0,0,9,0,0,0
201,6,Raise it as you release your battle cry: â€œSPOOOON!!â€ Increases Intelligence by 8. Enchanted Armoire: Chef Set (Item 3 of 4). ,1,"[{""code"":31,""dataId"":1,""value"":0},{""code"":22,""dataId"":0,""value"":0}]",97,Chef's Spoon,weapon_armoire_chefsSpoon,100,8,0,0,0,0,8,0,0,0
202,6,"The days are getting longer, but this candle will help you find your way before sunrise. Increases Constitution by 8. Enchanted Armoire: Vernal Vestments Set (Item 3 of 3). ",1,"[{""code"":31,""dataId"":1,""value"":0},{""code"":22,""dataId"":0,""value"":0}]",97,Vernal Taper,weapon_armoire_vernalTaper,100,8,0,0,0,8,0,8,0,0
203,6,"Habiticans are master multi-taskers, so you should have no trouble keeping all these balls in the air! Increases Intelligence by 10. Enchanted Armoire: Independent Item. ",1,"[{""code"":31,""dataId"":1,""value"":0},{""code"":22,""dataId"":0,""value"":0}]",97,Juggling Balls,weapon_armoire_jugglingBalls,100,8,0,0,0,0,10,0,0,0
204,6,Take aim at your red Dailies! Increases Strength by 10. Enchanted Armoire: Independent Item. ,1,"[{""code"":31,""dataId"":1,""value"":0},{""code"":22,""dataId"":0,""value"":0}]",97,Slingshot,weapon_armoire_slingshot,100,8,0,0,10,0,0,0,0,0
205,6,This bow shoots special jade-tipped arrows that will take down even your most stubborn bad habits! Increases Intelligence by 7 and Strength by 6. Enchanted Armoire: Nephrite Archer Set (Item 1 of 3). Two-handed item.,1,"[{""code"":31,""dataId"":1,""value"":0},{""code"":22,""dataId"":0,""value"":0}]",97,Nephrite Bow,weapon_armoire_nephriteBow,100,8,0,0,6,0,7,0,0,0
206,6,"Perfect for assisting you in a stroll, or for dancing the Charleston. Increases Intelligence, Perception, and Constitution by 6 each. Enchanted Armoire: Boating Set (Item 3 of 3). ",1,"[{""code"":31,""dataId"":1,""value"":0},{""code"":22,""dataId"":0,""value"":0}]",97,Bamboo Cane,weapon_armoire_bambooCane,100,8,0,0,0,6,6,6,6,6
207,6,An instrument that will allow you to observe the stars' ancient dance. Increases Perception by 10. Enchanted Armoire: Astronomer Mage Set (Item 3 of 3). ,1,"[{""code"":31,""dataId"":1,""value"":0},{""code"":22,""dataId"":0,""value"":0}]",97,Astronomer's Telescope,weapon_armoire_astronomersTelescope,100,8,0,0,0,0,0,0,10,10
208,6,Aha! A piece of evidence! Examine it closely with this fine magnifier. Increases Perception by 7. Enchanted Armoire: Detective Set (Item 3 of 4). ,1,"[{""code"":31,""dataId"":1,""value"":0},{""code"":22,""dataId"":0,""value"":0}]",97,Magnifying Glass,weapon_armoire_magnifyingGlass,100,8,0,0,0,0,0,0,7,7
209,6,This lovely silk fan folds when not in use. Increases Constitution by 9. Enchanted Armoire: Independent Item. ,1,"[{""code"":31,""dataId"":1,""value"":0},{""code"":22,""dataId"":0,""value"":0}]",97,Florid Fan,weapon_armoire_floridFan,100,8,0,0,0,9,0,9,0,0
210,6,Demonstrate your swordsmanship with this sharply pointed weapon. Increases Perception by 9. Enchanted Armoire: Independent Item. ,1,"[{""code"":31,""dataId"":1,""value"":0},{""code"":22,""dataId"":0,""value"":0}]",97,Resplendent Rapier,weapon_armoire_resplendentRapier,100,8,0,0,0,0,0,0,9,9
211,6,Creatures of darkness will obey your every command when you wave this glowing mace. Increases Perception by 12. Enchanted Armoire: Shadow Master Set (Item 3 of 4). ,1,"[{""code"":31,""dataId"":1,""value"":0},{""code"":22,""dataId"":0,""value"":0}]",97,Shadow Master's Mace,weapon_armoire_shadowMastersMace,100,8,0,0,0,0,0,0,12,12
212,6,Purify metals and other magical compounds with this shiny brass instrument. Increases Strength by 8 and Intelligence by 5. Enchanted Armoire: Alchemist Set (Item 3 of 4). ,1,"[{""code"":31,""dataId"":1,""value"":0},{""code"":22,""dataId"":0,""value"":0}]",97,Alchemist's Distiller,weapon_armoire_alchemistsDistiller,100,8,0,0,8,0,5,0,0,0
213,6,"Is the â€œHâ€ for Happy, or Habitica? Your choice! Increases Perception by 7. Enchanted Armoire: Happy Birthday Set (Item 3 of 4). ",1,"[{""code"":31,""dataId"":1,""value"":0},{""code"":22,""dataId"":0,""value"":0}]",97,Happy Banner,weapon_armoire_happyBanner,100,8,0,0,0,0,0,0,7,7
214,6,"When you're holding this, you're sure to spark someone's interest! Increases Strength by 15. Enchanted Armoire: Match Maker Set (Item 3 of 4). ",1,"[{""code"":31,""dataId"":1,""value"":0},{""code"":22,""dataId"":0,""value"":0}]",97,A Lively Match,weapon_armoire_livelyMatch,100,8,0,0,15,0,0,0,0,0
215,6,Get a home run on those good habits! Increases Constitution by 9. Enchanted Armoire: Baseball Set (Item 3 of 4). ,1,"[{""code"":31,""dataId"":1,""value"":0},{""code"":22,""dataId"":0,""value"":0}]",97,Baseball Bat,weapon_armoire_baseballBat,100,8,0,0,0,9,0,9,0,0
216,6,"This may not look fearsome, but have you never had a papercut? Increases Strength by 9. Enchanted Armoire: Paper Knight Set (Item 1 of 3). ",1,"[{""code"":31,""dataId"":1,""value"":0},{""code"":22,""dataId"":0,""value"":0}]",97,Paper Cutter,weapon_armoire_paperCutter,100,8,0,0,9,0,0,0,0,0
217,6,"You can coax music out of anything with this! ...A violin might work best, though. Increases Strength by 6. Enchanted Armoire: Fiddler Set (Item 3 of 4). ",1,"[{""code"":31,""dataId"":1,""value"":0},{""code"":22,""dataId"":0,""value"":0}]",97,Fiddler's Bow,weapon_armoire_fiddlersBow,100,8,0,0,6,0,0,0,0,0
